iteration	local_dmem_address
0	0x0FF0
1	0x0FE0
2	0x0FD0
3	0x0FC0
4	0x0FB0
5	0x0FA0
6	0x0F90
7	0x0F80
8	0x0F70
9	0x0F60
10	0x0F50
11	0x0F40
12	0x0F30
13	0x0F20
14	0x0F10
15	0x0F00
16	0x0EF0
17	0x0EE0
18	0x0ED0
19	0x0EC0
20	0x0EB0
21	0x0EA0
22	0x0E90
23	0x0E80
24	0x0E70
25	0x0E60
26	0x0E50
27	0x0E40
28	0x0E30
29	0x0E20
30	0x0E10
31	0x0E00
32	0x0DF0
33	0x0DE0
34	0x0DD0
35	0x0DC0
36	0x0DB0
37	0x0DA0
38	0x0D90
39	0x0D80
40	0x0D70
41	0x0D60
42	0x0D50
43	0x0D40
44	0x0D30
45	0x0D20
46	0x0D10
47	0x0D00
48	0x0CF0
49	0x0CE0
50	0x0CD0
51	0x0CC0
52	0x0CB0
53	0x0CA0
54	0x0C90
55	0x0C80
56	0x0C70
57	0x0C60
58	0x0C50
59	0x0C40
60	0x0C30
61	0x0C20
62	0x0C10
63	0x0C00
64	0x0BF0
65	0x0BE0
66	0x0BD0
67	0x0BC0
68	0x0BB0
69	0x0BA0
70	0x0B90
71	0x0B80
72	0x0B70
73	0x0B60
74	0x0B50
75	0x0B40
76	0x0B30
77	0x0B20
78	0x0B10
79	0x0B00
80	0x0AF0
81	0x0AE0
82	0x0AD0
83	0x0AC0
84	0x0AB0
85	0x0AA0
86	0x0A90
87	0x0A80
88	0x0A70
89	0x0A60
90	0x0A50
91	0x0A40
92	0x0A30
93	0x0A20
94	0x0A10
95	0x0A00
96	0x09F0
97	0x09E0
98	0x09D0
99	0x09C0
100	0x09B0
101	0x09A0
102	0x0990
103	0x0980
104	0x0970
105	0x0960
106	0x0950
107	0x0940
108	0x0930
109	0x0920
110	0x0910
111	0x0900
112	0x08F0
113	0x08E0
114	0x08D0
115	0x08C0
116	0x08B0
117	0x08A0
118	0x0890
119	0x0880
120	0x0870
121	0x0860
122	0x0850
123	0x0840
124	0x0830
125	0x0820
126	0x0810
127	0x0800
128	0x07F0
129	0x07E0
130	0x07D0
131	0x07C0
132	0x07B0
133	0x07A0
134	0x0790
135	0x0780
136	0x0770
137	0x0760
138	0x0750
139	0x0740
140	0x0730
141	0x0720
142	0x0710
143	0x0700
144	0x06F0
145	0x06E0
146	0x06D0
147	0x06C0
148	0x06B0
149	0x06A0
150	0x0690
151	0x0680
152	0x0670
153	0x0660
154	0x0650
155	0x0640
156	0x0630
157	0x0620
158	0x0610
159	0x0600
160	0x05F0
161	0x05E0
162	0x05D0
163	0x05C0
164	0x05B0
165	0x05A0
166	0x0590
167	0x0580
168	0x0570
169	0x0560
170	0x0550
171	0x0540
172	0x0530
173	0x0520
174	0x0510
175	0x0500
176	0x04F0
177	0x04E0
178	0x04D0
179	0x04C0
180	0x04B0
181	0x04A0
182	0x0490
183	0x0480
184	0x0470
185	0x0460
186	0x0450
187	0x0440
188	0x0430
189	0x0420
190	0x0410
191	0x0400
192	0x03F0
193	0x03E0
194	0x03D0
195	0x03C0
196	0x03B0
197	0x03A0
198	0x0390
199	0x0380
200	0x0370
201	0x0360
202	0x0350
203	0x0340
204	0x0330
205	0x0320
206	0x0310
207	0x0300
208	0x02F0
209	0x02E0
210	0x02D0
211	0x02C0
212	0x02B0
213	0x02A0
214	0x0290
215	0x0280
216	0x0270
217	0x0260
218	0x0250
219	0x0240
220	0x0230
221	0x0220
222	0x0210
223	0x0200
224	0x01F0
225	0x01E0
226	0x01D0
227	0x01C0
228	0x01B0
229	0x01A0
230	0x0190
231	0x0180
232	0x0170
233	0x0160
234	0x0150
235	0x0140
236	0x0130
237	0x0120
238	0x0110
239	0x0100
240	0x00F0
241	0x00E0
242	0x00D0
243	0x00C0
244	0x00B0
245	0x00A0
246	0x0090
247	0x0080
248	0x0070
249	0x0060
250	0x0050
251	0x0040
252	0x0030
253	0x0020
254	0x0010
255	0x0000
