block	source_start	source_end	destination_start	destination_end
0	0x0120	0x0128	0x002fb1f0	0x002fb1f8
1	0x0128	0x0130	0x002fc1e0	0x002fc1e8
2	0x0130	0x0138	0x002fd1d0	0x002fd1d8
3	0x0138	0x0140	0x002fe1c0	0x002fe1c8
4	0x0140	0x0148	0x002ff1b0	0x002ff1b8
5	0x0148	0x0150	0x003001a0	0x003001a8
6	0x0150	0x0158	0x00301190	0x00301198
7	0x0158	0x0160	0x00302180	0x00302188
8	0x0160	0x0168	0x00303170	0x00303178
9	0x0168	0x0170	0x00304160	0x00304168
10	0x0170	0x0178	0x00305150	0x00305158
11	0x0178	0x0180	0x00306140	0x00306148
12	0x0180	0x0188	0x00307130	0x00307138
13	0x0188	0x0190	0x00308120	0x00308128
14	0x0190	0x0198	0x00309110	0x00309118
15	0x0198	0x01a0	0x0030a100	0x0030a108
16	0x01a0	0x01a8	0x0030b0f0	0x0030b0f8
17	0x01a8	0x01b0	0x0030c0e0	0x0030c0e8
18	0x01b0	0x01b8	0x0030d0d0	0x0030d0d8
19	0x01b8	0x01c0	0x0030e0c0	0x0030e0c8
20	0x01c0	0x01c8	0x0030f0b0	0x0030f0b8
21	0x01c8	0x01d0	0x003100a0	0x003100a8
22	0x01d0	0x01d8	0x00311090	0x00311098
23	0x01d8	0x01e0	0x00312080	0x00312088
